capture_id,captured_at_utc,capture_date_utc,platform,timeframe_days,sort,direction,min_trades,min_days,source_url,method,status,row_count,raw_path,raw_sha256,page_text_sha256,parser_version,error,schema_version,raw_json_path,raw_json_sha256,capture_role,notes,prev_hash,row_hash
fomo-30d-20260918T184549Z-3bac2ee9,2026-09-18T18:45:49Z,2026-09-18,fomo,30,realized,desc,20,3,https://www.solanatracker.io/dapi/v2/pnl/leaderboard/top?sort=realized&direction=desc&days=30&minTrades=20&minDays=3&platform=fomo,playwright-chrome-headed,OK,,raw/2026-09-18/fomo-30d-20260918T184549Z-3bac2ee9.html,7a2b5fb65450b942dc13130ad22fe46fa2aa26560a3bd9deb979b0aa80e21b23,,0.1.0,,,,,,,0000000000000000000000000000000000000000000000000000000000000000,ae7a1c77e01e7dc549a932dcb1c9b1b32ade9008b0540d0960344b1de8ce4d84
fomo-30d-20260918T184607Z-fd50180a,2026-09-18T18:46:07Z,2026-09-18,fomo,30,realized,desc,20,3,https://www.solanatracker.io/dapi/v2/pnl/leaderboard/top?sort=realized&direction=desc&days=30&minTrades=20&minDays=3&platform=fomo,playwright-chrome-headed,OK,,raw/2026-09-18/fomo-30d-20260918T184607Z-fd50180a.html,d58bdb6f319e7324e63c6038e958a6468f06944fac4884329fe2ce209b6a8778,,0.1.0,,,,,,,ae7a1c77e01e7dc549a932dcb1c9b1b32ade9008b0540d0960344b1de8ce4d84,efdfa292359e5ea8654d7c78ffb008cc63a26ca719a97767a22a75f612413b80
fomo-30d-20260918T185034Z-5766e3a9,2026-09-18T18:50:34Z,2026-09-18,fomo,30,realized,desc,20,3,https://www.solanatracker.io/dapi/v2/pnl/leaderboard/top?sort=realized&direction=desc&days=30&minTrades=20&minDays=3&platform=fomo,playwright-chrome-headed,OK,,raw/2026-09-18/fomo-30d-20260918T185034Z-5766e3a9.html,797a9e1efb3c3e023bc04c28bbd709190fc1d57359d09042b9cffb8f902454b9,,0.1.0,,,,,,,efdfa292359e5ea8654d7c78ffb008cc63a26ca719a97767a22a75f612413b80,9cb8c73a380f1326d573e0ca0c5fe90cc1f329d5087263e85e8df2362ea357f7
fomo-30d-20260918T185058Z-b8bf4b61,2026-09-18T18:50:58Z,2026-09-18,fomo,30,realized,desc,20,3,https://www.solanatracker.io/dapi/v2/pnl/leaderboard/top?sort=realized&direction=desc&days=30&minTrades=20&minDays=3&platform=fomo,playwright-chrome-headed,OK,,raw/2026-09-18/fomo-30d-20260918T185058Z-b8bf4b61.html,88d57e7837641b390856f7b25442e79d788dd38430d4e8c28a08944a4e2228c2,,0.1.0,,,,,,,9cb8c73a380f1326d573e0ca0c5fe90cc1f329d5087263e85e8df2362ea357f7,f9ca9e4c5d852d3c26aad73d224184a5c5a073ae82e04cce9d3182f11ae5941b
fomo-30d-20260918T190836Z-6e52c725,2026-09-18T19:08:36Z,2026-09-18,fomo,30,realized,desc,20,3,https://www.solanatracker.io/dapi/v2/pnl/leaderboard/top?sort=realized&direction=desc&days=30&minTrades=20&minDays=3&platform=fomo,playwright-chrome-headed,OK,,raw/2026-09-18/fomo-30d-20260918T190836Z-6e52c725.html,623197aef124017387b41bb58b0b257ad13b25f9a9df35fc4c0df7bfb76f936e,,0.1.0,,2,raw/2026-09-18/fomo-30d-20260918T190836Z-6e52c725.json,930f86682ff1c92f8f82d14c594f9847213babb514aa24e63946bbf507ad68ff,,,f9ca9e4c5d852d3c26aad73d224184a5c5a073ae82e04cce9d3182f11ae5941b,3af6a5768f266ea78da0cd84a419b385772e4cccc81c3aa32b1ae17fb7117858
fomo-30d-20260918T191157Z-ec8d513b,2026-09-18T19:11:57Z,2026-09-18,fomo,30,realized,desc,20,3,https://www.solanatracker.io/dapi/v2/pnl/leaderboard/top?sort=realized&direction=desc&days=30&minTrades=20&minDays=3&platform=fomo,playwright-chrome-headed,OK,,raw/2026-09-18/fomo-30d-20260918T191157Z-ec8d513b.html,5364e16300fe9bbd46ddaaa8b178986fd48a736770661262831a2514d28f3b9d,,0.1.0,,2,raw/2026-09-18/fomo-30d-20260918T191157Z-ec8d513b.json,930f86682ff1c92f8f82d14c594f9847213babb514aa24e63946bbf507ad68ff,,,3af6a5768f266ea78da0cd84a419b385772e4cccc81c3aa32b1ae17fb7117858,b0611a89b57a962aa648d25cb73f6322a5391603de4e0dde3692d529f366206c
fomo-30d-20260918T191157Z-e06152b6,2026-09-18T19:11:57Z,2026-09-18,fomo,30,realized,desc,20,3,https://www.solanatracker.io/dapi/v2/pnl/leaderboard/top?sort=realized&direction=desc&days=30&minTrades=20&minDays=3&platform=fomo,playwright-chrome-headed,OK,,raw/2026-09-18/fomo-30d-20260918T191157Z-e06152b6.html,8c6cb9f8f6494f2e0b71c5dcdc67b0d1913c29e490eba5eddd905e0505d30185,,0.1.0,,2,raw/2026-09-18/fomo-30d-20260918T191157Z-e06152b6.json,930f86682ff1c92f8f82d14c594f9847213babb514aa24e63946bbf507ad68ff,,,b0611a89b57a962aa648d25cb73f6322a5391603de4e0dde3692d529f366206c,f8d6ab03cd37dec4aaa1bf9d482cc8b60ea30b040a3223bac482c5321468a0e4
fomo-30d-20260918T192110Z-a8809b99,2026-09-18T19:21:10Z,2026-09-18,fomo,30,realized,desc,20,3,https://www.solanatracker.io/dapi/v2/pnl/leaderboard/top?sort=realized&direction=desc&days=30&minTrades=20&minDays=3&platform=fomo,playwright-chrome-headed,OK,,raw/2026-09-18/fomo-30d-20260918T192110Z-a8809b99.html,48a20719ed5c6b71ee1a4241610ddc366414faa2d0ace09e63c944b2922e2460,,0.1.0,,2,raw/2026-09-18/fomo-30d-20260918T192110Z-a8809b99.json,930f86682ff1c92f8f82d14c594f9847213babb514aa24e63946bbf507ad68ff,,,f8d6ab03cd37dec4aaa1bf9d482cc8b60ea30b040a3223bac482c5321468a0e4,7afbeb07ae8147b140aea7d8634927f5a60da8dd493c4d1efcf5022390da5d29
fomo-30d-20260918T194201Z-cac05349,2026-09-18T19:42:01Z,2026-09-18,fomo,30,realized,desc,20,3,https://www.solanatracker.io/dapi/v2/pnl/leaderboard/top?sort=realized&direction=desc&days=30&minTrades=20&minDays=3&platform=fomo,playwright-chrome-headed,OK,,raw/2026-09-18/fomo-30d-20260918T194201Z-cac05349.html,98c493e441dd95213270b8aefefbfbce2de21dbabe89e63ee17d8ba340660008,,0.1.0,,2,raw/2026-09-18/fomo-30d-20260918T194201Z-cac05349.json,930f86682ff1c92f8f82d14c594f9847213babb514aa24e63946bbf507ad68ff,,,7afbeb07ae8147b140aea7d8634927f5a60da8dd493c4d1efcf5022390da5d29,ec227f2a06363adf2e52fdb85e3ece0148e149537a35d0da76b9fac4b557a98c
fomo-30d-20260918T194215Z-a14d68b1,2026-09-18T19:42:15Z,2026-09-18,fomo,30,realized,desc,20,3,https://www.solanatracker.io/dapi/v2/pnl/leaderboard/top?sort=realized&direction=desc&days=30&minTrades=20&minDays=3&platform=fomo,playwright-chrome-headed,OK,,raw/2026-09-18/fomo-30d-20260918T194215Z-a14d68b1.html,8e257687760cbf33da82cf4ea5c38c5545afcb2699e5d124194bb5ea458b2049,,0.1.0,,2,raw/2026-09-18/fomo-30d-20260918T194215Z-a14d68b1.json,930f86682ff1c92f8f82d14c594f9847213babb514aa24e63946bbf507ad68ff,,,ec227f2a06363adf2e52fdb85e3ece0148e149537a35d0da76b9fac4b557a98c,8cfaf3cf6cc26f3cbe102108f2fa765835e18b6441d2c250311e7bfebff5b644
fomo-30d-20260918T194305Z-58fe06de,2026-09-18T19:43:05Z,2026-09-18,fomo,30,realized,desc,20,3,https://www.solanatracker.io/dapi/v2/pnl/leaderboard/top?sort=realized&direction=desc&days=30&minTrades=20&minDays=3&platform=fomo,playwright-chrome-headed,OK,,raw/2026-09-18/fomo-30d-20260918T194305Z-58fe06de.html,d658485c8549b3662e3ba6516d0b40684d638b6aee2280c14bb058e8b1154d72,,0.1.0,,2,raw/2026-09-18/fomo-30d-20260918T194305Z-58fe06de.json,930f86682ff1c92f8f82d14c594f9847213babb514aa24e63946bbf507ad68ff,,,8cfaf3cf6cc26f3cbe102108f2fa765835e18b6441d2c250311e7bfebff5b644,2efc1e9d4ca114d83e431352ac8cbbcc993801753ef15952bab0f07860b073d5
fomo-1d-20260918T201919Z-5bb68233,2026-09-18T20:19:19Z,2026-09-18,fomo,1,realized,desc,5,1,https://www.solanatracker.io/dapi/v2/pnl/leaderboard/top?sort=realized&direction=desc&days=1&minTrades=5&minDays=1&platform=fomo,playwright-chrome-headed,OK,,raw/2026-09-18/fomo-1d-20260918T201919Z-5bb68233.html,b89c7b7b1fa868c3ee6f701442b295493ca23ddca55dafd00c00f7c022e51b4f,,0.1.0,,2,raw/2026-09-18/fomo-1d-20260918T201919Z-5bb68233.json,3b6314118e4c43af2b5e223378064f9cca5ec6403df7301d7ae39ecec00b056f,,,2efc1e9d4ca114d83e431352ac8cbbcc993801753ef15952bab0f07860b073d5,c1d151d2cbd1462a50364191e866f2cac42983f341cac3ecb2bd4a1a70dcb162
fomo-7d-20260918T201926Z-37a31fc1,2026-09-18T20:19:26Z,2026-09-18,fomo,7,realized,desc,20,3,https://www.solanatracker.io/dapi/v2/pnl/leaderboard/top?sort=realized&direction=desc&days=7&minTrades=20&minDays=3&platform=fomo,playwright-chrome-headed,OK,,raw/2026-09-18/fomo-7d-20260918T201926Z-37a31fc1.html,c2a9f9f155642c5feeadbe5bd850ac75a502d4db31a24993029d763d5936ef18,,0.1.0,,2,raw/2026-09-18/fomo-7d-20260918T201926Z-37a31fc1.json,fb1e0e415f5932bf2e5165f63484c2e8bf559b8e9f575226d49f9346551e569d,,,c1d151d2cbd1462a50364191e866f2cac42983f341cac3ecb2bd4a1a70dcb162,28e24ded5b6941527814be468fb327592a52a073cc1e8c096a95c8a4534ff5b3
fomo-14d-20260918T201933Z-4949a077,2026-09-18T20:19:33Z,2026-09-18,fomo,14,realized,desc,20,3,https://www.solanatracker.io/dapi/v2/pnl/leaderboard/top?sort=realized&direction=desc&days=14&minTrades=20&minDays=3&platform=fomo,playwright-chrome-headed,OK,,raw/2026-09-18/fomo-14d-20260918T201933Z-4949a077.html,7ee59ca578e8c81598ed2c25dfeaf23b3956dc62d93beb4cbce7239f2e3be4fb,,0.1.0,,2,raw/2026-09-18/fomo-14d-20260918T201933Z-4949a077.json,fb1e0e415f5932bf2e5165f63484c2e8bf559b8e9f575226d49f9346551e569d,,,28e24ded5b6941527814be468fb327592a52a073cc1e8c096a95c8a4534ff5b3,afcab36652fc2d7b2ff9d2178f3695fb9bd788fadf43248663d459d5b1b0686f
fomo-30d-20260918T201939Z-0c018923,2026-09-18T20:19:39Z,2026-09-18,fomo,30,realized,desc,20,3,https://www.solanatracker.io/dapi/v2/pnl/leaderboard/top?sort=realized&direction=desc&days=30&minTrades=20&minDays=3&platform=fomo,playwright-chrome-headed,OK,,raw/2026-09-18/fomo-30d-20260918T201939Z-0c018923.html,1632211d9ae351ab41e9102a18bb62713ce582bf56305c6d7cc7d9d829c8e996,,0.1.0,,2,raw/2026-09-18/fomo-30d-20260918T201939Z-0c018923.json,930f86682ff1c92f8f82d14c594f9847213babb514aa24e63946bbf507ad68ff,,,afcab36652fc2d7b2ff9d2178f3695fb9bd788fadf43248663d459d5b1b0686f,20150b6ea136051a137511edf5db16733b25078df1b4518e2235d4572b10ab31
axiom-1d-20260918T201950Z-228385bf,2026-09-18T20:19:50Z,2026-09-18,axiom,1,realized,desc,5,1,https://www.solanatracker.io/dapi/v2/pnl/leaderboard/top?sort=realized&direction=desc&days=1&minTrades=5&minDays=1&platform=axiom,playwright-chrome-headed,OK,,raw/2026-09-18/axiom-1d-20260918T201950Z-228385bf.html,b1e0829d8c67b53a485b868135fc202d52f21618679bf594b1fcbd4f72eef52c,,0.1.0,,2,raw/2026-09-18/axiom-1d-20260918T201950Z-228385bf.json,78ac91d5f2fb9a3a9e23ad1f0944124283ebc809cdf9de5f5f0c5abce1c77ca1,,,20150b6ea136051a137511edf5db16733b25078df1b4518e2235d4572b10ab31,890dbbbc6d28c7ba80936508b1b72d628c7679ea1954fc7cc0d55e20f0435744
axiom-7d-20260918T202006Z-1780c6b0,2026-09-18T20:20:06Z,2026-09-18,axiom,7,realized,desc,20,3,https://www.solanatracker.io/dapi/v2/pnl/leaderboard/top?sort=realized&direction=desc&days=7&minTrades=20&minDays=3&platform=axiom,playwright-chrome-headed,OK,,raw/2026-09-18/axiom-7d-20260918T202006Z-1780c6b0.html,df09fcb1e15dc30064bdb8b31c0895d5b4ea2b0708784de81d4a3398e9281bc0,,0.1.0,,2,raw/2026-09-18/axiom-7d-20260918T202006Z-1780c6b0.json,947412dad8cd3fa9cdf82171b354511a5b6dca63447cd3cc46072c795a927c51,,,890dbbbc6d28c7ba80936508b1b72d628c7679ea1954fc7cc0d55e20f0435744,57e5ab5283dd1a07261d155a40598a61d3fb8e3dfde1ccebff7b3877d691d6ac
axiom-14d-20260918T202014Z-fd41a497,2026-09-18T20:20:14Z,2026-09-18,axiom,14,realized,desc,20,3,https://www.solanatracker.io/dapi/v2/pnl/leaderboard/top?sort=realized&direction=desc&days=14&minTrades=20&minDays=3&platform=axiom,playwright-chrome-headed,OK,,raw/2026-09-18/axiom-14d-20260918T202014Z-fd41a497.html,148fd11389199f18aac1e202039510cdf00424b8409fe9eb8cda1a4f02b3c96c,,0.1.0,,2,raw/2026-09-18/axiom-14d-20260918T202014Z-fd41a497.json,947412dad8cd3fa9cdf82171b354511a5b6dca63447cd3cc46072c795a927c51,,,57e5ab5283dd1a07261d155a40598a61d3fb8e3dfde1ccebff7b3877d691d6ac,11030bbca5554b90df4795ab8471ecb34feeb6b429aadb8d53e1b1be54146835
axiom-30d-20260918T202021Z-64e7363e,2026-09-18T20:20:21Z,2026-09-18,axiom,30,realized,desc,20,3,https://www.solanatracker.io/dapi/v2/pnl/leaderboard/top?sort=realized&direction=desc&days=30&minTrades=20&minDays=3&platform=axiom,playwright-chrome-headed,OK,,raw/2026-09-18/axiom-30d-20260918T202021Z-64e7363e.html,29ffbe0a750c6eefe400e09f4213ccc32842afe7add01897db8501ed25736e33,,0.1.0,,2,raw/2026-09-18/axiom-30d-20260918T202021Z-64e7363e.json,1ea17443248c2c54bc5a3e451d9ceb72d4fac9996bf77c40801ea978dde83f1f,,,11030bbca5554b90df4795ab8471ecb34feeb6b429aadb8d53e1b1be54146835,79b10b28f3bfcc20305fff985d42c419dfec7d14f9ef7e989671b8f8b8c11122
photon-1d-20260918T202034Z-6dbd29e8,2026-09-18T20:20:34Z,2026-09-18,photon,1,realized,desc,5,1,https://www.solanatracker.io/dapi/v2/pnl/leaderboard/top?sort=realized&direction=desc&days=1&minTrades=5&minDays=1&platform=photon,playwright-chrome-headed,OK,,raw/2026-09-18/photon-1d-20260918T202034Z-6dbd29e8.html,c46761aa2a034e0ac54a07beddc450746e2e5f1c8f00edddb5e3ca4724a2095e,,0.1.0,,2,raw/2026-09-18/photon-1d-20260918T202034Z-6dbd29e8.json,2742059d1de2eac2442fe1cd9dfd40c4d20905a94c5369962f3088956532fefb,,,79b10b28f3bfcc20305fff985d42c419dfec7d14f9ef7e989671b8f8b8c11122,d4085403d90d4e9b2b75fd9250bf910f25c5ec25e4e9f41a25f74584d7fcec7a
photon-7d-20260918T202045Z-6684e8cc,2026-09-18T20:20:45Z,2026-09-18,photon,7,realized,desc,20,3,https://www.solanatracker.io/dapi/v2/pnl/leaderboard/top?sort=realized&direction=desc&days=7&minTrades=20&minDays=3&platform=photon,playwright-chrome-headed,OK,,raw/2026-09-18/photon-7d-20260918T202045Z-6684e8cc.html,33e98df3b27b06342afc03f5c072e5726eaa436636c9c63dcbd4654b6c7dc3be,,0.1.0,,2,raw/2026-09-18/photon-7d-20260918T202045Z-6684e8cc.json,85c1621e812e6ef86da86dfacbb545e8811d8462391c58463f3d30806ddc0471,,,d4085403d90d4e9b2b75fd9250bf910f25c5ec25e4e9f41a25f74584d7fcec7a,6f8c4a4b233f560fb87fc6fb765246855daca20792bdc113d1cb00033e60a8a0
photon-14d-20260918T202052Z-2e128063,2026-09-18T20:20:52Z,2026-09-18,photon,14,realized,desc,20,3,https://www.solanatracker.io/dapi/v2/pnl/leaderboard/top?sort=realized&direction=desc&days=14&minTrades=20&minDays=3&platform=photon,playwright-chrome-headed,OK,,raw/2026-09-18/photon-14d-20260918T202052Z-2e128063.html,83d84e8bd8847fb068892741bead36caebb835a189633f4d08798f3dae30992f,,0.1.0,,2,raw/2026-09-18/photon-14d-20260918T202052Z-2e128063.json,85c1621e812e6ef86da86dfacbb545e8811d8462391c58463f3d30806ddc0471,,,6f8c4a4b233f560fb87fc6fb765246855daca20792bdc113d1cb00033e60a8a0,5ca5fe686274a3f19ca1b3c397faa2474abd5a4a5ec912ad7104fafde67bee45
photon-30d-20260918T202059Z-81a40f69,2026-09-18T20:20:59Z,2026-09-18,photon,30,realized,desc,20,3,https://www.solanatracker.io/dapi/v2/pnl/leaderboard/top?sort=realized&direction=desc&days=30&minTrades=20&minDays=3&platform=photon,playwright-chrome-headed,OK,,raw/2026-09-18/photon-30d-20260918T202059Z-81a40f69.html,a125e9be81cf6c7b72dc3adf511b73a9632a6229980d3e2ce81500e721c2261f,,0.1.0,,2,raw/2026-09-18/photon-30d-20260918T202059Z-81a40f69.json,7059cea2523df88a311bead198e61abc8d9349dbdbd371da9863dafaf7644be5,,,5ca5fe686274a3f19ca1b3c397faa2474abd5a4a5ec912ad7104fafde67bee45,8701c739c401986cbf7699f12c0cbabaaf4901ec35d164f3b268b02953454c8a
bloom-1d-20260918T202139Z-284bf3d2,2026-09-18T20:21:39Z,2026-09-18,bloom,1,,,,,,playwright-chrome-headed,FAIL,,raw/2026-09-18/bloom-1d-20260918T202139Z-284bf3d2.html,6930b77949fb3cb0364263c890c975b4b35388ee98dff8a2918a0463aea138d7,,0.1.0,"observed days='30' != timeframe_days=1; no matching XHR among 1 observed (last: https://www.solanatracker.io/dapi/v2/pnl/leaderboard/top?sort=realized&direction=desc&days=30&minTrades=20&minDays=3&platform=bloom); nav/readiness error: no XHR with days=1 and platform='bloom' arrived within 30000ms of selecting the 1D tab (1 matching-endpoint response(s) seen: 30) -- the timeframe switch is unconfirmed, so these bytes cannot be trusted to be this timeframe's",2,,,,,8701c739c401986cbf7699f12c0cbabaaf4901ec35d164f3b268b02953454c8a,f119c72089c057a70992743a86757b549275ecd0205c6471a76419a27c940a03
bloom-7d-20260918T202145Z-6a12cd23,2026-09-18T20:21:45Z,2026-09-18,bloom,7,realized,desc,20,3,https://www.solanatracker.io/dapi/v2/pnl/leaderboard/top?sort=realized&direction=desc&days=7&minTrades=20&minDays=3&platform=bloom,playwright-chrome-headed,OK,,raw/2026-09-18/bloom-7d-20260918T202145Z-6a12cd23.html,787a46bdbb38fc2f86e83cc6ff95132739a825ae4efc8665c503db9d7b22a130,,0.1.0,,2,raw/2026-09-18/bloom-7d-20260918T202145Z-6a12cd23.json,113abe721712e01388d91ee2eb464988fc3c9f221903a6e89b7e663458659404,,,f119c72089c057a70992743a86757b549275ecd0205c6471a76419a27c940a03,2f7a339a5153d611eb2280303fb294de455141d57f714e0a152bb20f077135af
bloom-14d-20260918T202152Z-1b07ff77,2026-09-18T20:21:52Z,2026-09-18,bloom,14,realized,desc,20,3,https://www.solanatracker.io/dapi/v2/pnl/leaderboard/top?sort=realized&direction=desc&days=14&minTrades=20&minDays=3&platform=bloom,playwright-chrome-headed,OK,,raw/2026-09-18/bloom-14d-20260918T202152Z-1b07ff77.html,f80696865ad0a0dc35e1d8f95dca9eb467d66867b3d777732eb557346f054704,,0.1.0,,2,raw/2026-09-18/bloom-14d-20260918T202152Z-1b07ff77.json,113abe721712e01388d91ee2eb464988fc3c9f221903a6e89b7e663458659404,,,2f7a339a5153d611eb2280303fb294de455141d57f714e0a152bb20f077135af,52f58caedc9477526c2493093e288e10fc235ec037c018d07ecd54eb72a588ad
bloom-30d-20260918T202159Z-5e53b197,2026-09-18T20:21:59Z,2026-09-18,bloom,30,realized,desc,20,3,https://www.solanatracker.io/dapi/v2/pnl/leaderboard/top?sort=realized&direction=desc&days=30&minTrades=20&minDays=3&platform=bloom,playwright-chrome-headed,OK,,raw/2026-09-18/bloom-30d-20260918T202159Z-5e53b197.html,49f37229509361425cadb3fc034303b052141625379c26a820c0f4f366e68ba9,,0.1.0,,2,raw/2026-09-18/bloom-30d-20260918T202159Z-5e53b197.json,00208daab35bfef6855551c257f7f4e5b69abb0e3421c0270d17e1514ad72a78,,,52f58caedc9477526c2493093e288e10fc235ec037c018d07ecd54eb72a588ad,5c9678fdef387d39e60474a9eda596ddecd795e0272709f80581dade72939312
gmgn-1d-20260918T202207Z-d6d0e6b5,2026-09-18T20:22:07Z,2026-09-18,gmgn,1,realized,desc,5,1,https://www.solanatracker.io/dapi/v2/pnl/leaderboard/top?sort=realized&direction=desc&days=1&minTrades=5&minDays=1&platform=gmgn,playwright-chrome-headed,OK,,raw/2026-09-18/gmgn-1d-20260918T202207Z-d6d0e6b5.html,b165c9f1f7c479aad035e4043b458532c628b7f217825e66af7f97377d5dbeb5,,0.1.0,,2,raw/2026-09-18/gmgn-1d-20260918T202207Z-d6d0e6b5.json,1c6ede7f77149203165e3b313ffd6c999c27fb09032a64bc1ee6c010b54aaf3c,,,5c9678fdef387d39e60474a9eda596ddecd795e0272709f80581dade72939312,bb3d908266148e41e87e7c50335f848dccc36e123afa439a987eb2660873a418
gmgn-7d-20260918T202217Z-d2bfa4f0,2026-09-18T20:22:17Z,2026-09-18,gmgn,7,realized,desc,20,3,https://www.solanatracker.io/dapi/v2/pnl/leaderboard/top?sort=realized&direction=desc&days=7&minTrades=20&minDays=3&platform=gmgn,playwright-chrome-headed,OK,,raw/2026-09-18/gmgn-7d-20260918T202217Z-d2bfa4f0.html,eb967f7369949452a08058231c6095d95ec7a4b8ee3b44a6060263c0722eb396,,0.1.0,,2,raw/2026-09-18/gmgn-7d-20260918T202217Z-d2bfa4f0.json,c55eafd967222ff625e2cae512271c64a052b9bf15ba93a0af2e1229ebe1f671,,,bb3d908266148e41e87e7c50335f848dccc36e123afa439a987eb2660873a418,7b3eb6410de851b96a01425c07156d5664ebb487def25114b26931b6f9f810da
gmgn-14d-20260918T202224Z-37e0a72a,2026-09-18T20:22:24Z,2026-09-18,gmgn,14,realized,desc,20,3,https://www.solanatracker.io/dapi/v2/pnl/leaderboard/top?sort=realized&direction=desc&days=14&minTrades=20&minDays=3&platform=gmgn,playwright-chrome-headed,OK,,raw/2026-09-18/gmgn-14d-20260918T202224Z-37e0a72a.html,c9abd2fbf0705b447bb746979ef3a3daef7ba7b08e53794089ee3713eb5decb4,,0.1.0,,2,raw/2026-09-18/gmgn-14d-20260918T202224Z-37e0a72a.json,c55eafd967222ff625e2cae512271c64a052b9bf15ba93a0af2e1229ebe1f671,,,7b3eb6410de851b96a01425c07156d5664ebb487def25114b26931b6f9f810da,2ac6d978c2932de8f9987d43a881143f7fc499c24996f92b9f812013b4dbc4ba
gmgn-30d-20260918T202231Z-cd9cb439,2026-09-18T20:22:31Z,2026-09-18,gmgn,30,realized,desc,20,3,https://www.solanatracker.io/dapi/v2/pnl/leaderboard/top?sort=realized&direction=desc&days=30&minTrades=20&minDays=3&platform=gmgn,playwright-chrome-headed,OK,,raw/2026-09-18/gmgn-30d-20260918T202231Z-cd9cb439.html,53283ebf5b1d2ee03baeec6e98f8ee07873466da794637c691a7e653f61666e6,,0.1.0,,2,raw/2026-09-18/gmgn-30d-20260918T202231Z-cd9cb439.json,e0655967e6b62275da51a056f7e52d443a81f9c02ba10f65ae1084ee86992056,,,2ac6d978c2932de8f9987d43a881143f7fc499c24996f92b9f812013b4dbc4ba,9e6b8b912c500eb6244b61617e2740bb1a84d7e7c2877e88aefb20461cf97d36
pumpfun-1d-20260918T202311Z-bb33089f,2026-09-18T20:23:11Z,2026-09-18,pumpfun,1,,,,,,playwright-chrome-headed,FAIL,,raw/2026-09-18/pumpfun-1d-20260918T202311Z-bb33089f.html,38e0384dd470134cf79bbaa97d52e1ebb73aa5174ba3b71e8be8bb6236ebfa3b,,0.1.0,"observed platform='pumpfun-app' != platform='pumpfun'; no matching XHR among 2 observed (last: https://www.solanatracker.io/dapi/v2/pnl/leaderboard/top?sort=realized&direction=desc&days=1&minTrades=5&minDays=1&platform=pumpfun-app); nav/readiness error: no XHR with days=1 and platform='pumpfun' arrived within 30000ms of selecting the 1D tab (2 matching-endpoint response(s) seen: 1, 30) -- the timeframe switch is unconfirmed, so these bytes cannot be trusted to be this timeframe's",2,,,,,9e6b8b912c500eb6244b61617e2740bb1a84d7e7c2877e88aefb20461cf97d36,ff97544fc141b01e482cc908f8d9a60965257b8b751baadf1cfbf2a69c9f280f
pumpfun-7d-20260918T202347Z-9a0109db,2026-09-18T20:23:47Z,2026-09-18,pumpfun,7,,,,,,playwright-chrome-headed,FAIL,,raw/2026-09-18/pumpfun-7d-20260918T202347Z-9a0109db.html,52bd2aa56565680a05e567fbf46c9e349f61ddee43e2c7f4c84e3d99823387b2,,0.1.0,"observed platform='pumpfun-app' != platform='pumpfun'; no matching XHR among 2 observed (last: https://www.solanatracker.io/dapi/v2/pnl/leaderboard/top?sort=realized&direction=desc&days=7&minTrades=20&minDays=3&platform=pumpfun-app); nav/readiness error: no XHR with days=7 and platform='pumpfun' arrived within 30000ms of selecting the 7D tab (2 matching-endpoint response(s) seen: 30, 7) -- the timeframe switch is unconfirmed, so these bytes cannot be trusted to be this timeframe's",2,,,,,ff97544fc141b01e482cc908f8d9a60965257b8b751baadf1cfbf2a69c9f280f,b34224061ff7155e108eb2c0d8eb48f0c4d9922e1eb844ae2fb40793f23ff05c
pumpfun-14d-20260918T202423Z-6957013d,2026-09-18T20:24:23Z,2026-09-18,pumpfun,14,,,,,,playwright-chrome-headed,FAIL,,raw/2026-09-18/pumpfun-14d-20260918T202423Z-6957013d.html,1295ffd5e06f830f74cc5abe07c10c42b8c44036a6ea4e4a5a33778159423cfc,,0.1.0,"observed platform='pumpfun-app' != platform='pumpfun'; no matching XHR among 2 observed (last: https://www.solanatracker.io/dapi/v2/pnl/leaderboard/top?sort=realized&direction=desc&days=14&minTrades=20&minDays=3&platform=pumpfun-app); nav/readiness error: no XHR with days=14 and platform='pumpfun' arrived within 30000ms of selecting the 14D tab (2 matching-endpoint response(s) seen: 14, 30) -- the timeframe switch is unconfirmed, so these bytes cannot be trusted to be this timeframe's",2,,,,,b34224061ff7155e108eb2c0d8eb48f0c4d9922e1eb844ae2fb40793f23ff05c,108be2eae1018279402acc44a5aa270a17cee2ed309b18ccdb47add99511646b
pumpfun-30d-20260918T202459Z-84d2e9ac,2026-09-18T20:24:59Z,2026-09-18,pumpfun,30,,,,,,playwright-chrome-headed,FAIL,,raw/2026-09-18/pumpfun-30d-20260918T202459Z-84d2e9ac.html,aadfca4c8f527832687913b37f1d7ab5e91524461977c9c0a2ed0611c9fb3c51,,0.1.0,"observed platform='pumpfun-app' != platform='pumpfun'; no matching XHR among 1 observed (last: https://www.solanatracker.io/dapi/v2/pnl/leaderboard/top?sort=realized&direction=desc&days=30&minTrades=20&minDays=3&platform=pumpfun-app); nav/readiness error: no XHR with days=30 and platform='pumpfun' arrived within 30000ms of selecting the 30D tab (1 matching-endpoint response(s) seen: 30) -- the timeframe switch is unconfirmed, so these bytes cannot be trusted to be this timeframe's",2,,,,,108be2eae1018279402acc44a5aa270a17cee2ed309b18ccdb47add99511646b,7901096216f539895e32c71abd92ed8245fdcc24df344960f1aedf17b167e098
terminal-1d-20260918T202506Z-b11dea0b,2026-09-18T20:25:06Z,2026-09-18,terminal,1,realized,desc,5,1,https://www.solanatracker.io/dapi/v2/pnl/leaderboard/top?sort=realized&direction=desc&days=1&minTrades=5&minDays=1&platform=terminal,playwright-chrome-headed,OK,,raw/2026-09-18/terminal-1d-20260918T202506Z-b11dea0b.html,616207d7ac12fefc57427fcb06b6f2f8d92d6cf8db16d282569d352505142cf4,,0.1.0,,2,raw/2026-09-18/terminal-1d-20260918T202506Z-b11dea0b.json,c173ca297ead66ea0d177cfe2f561c435ef957e83c8f7a7f1785490ab7cd9127,,,7901096216f539895e32c71abd92ed8245fdcc24df344960f1aedf17b167e098,6c7ac3b75e68d899be8deb117888cde362bd6030f72becdc5803d1496ac5d9ba
terminal-7d-20260918T202516Z-ca8abeb5,2026-09-18T20:25:16Z,2026-09-18,terminal,7,realized,desc,20,3,https://www.solanatracker.io/dapi/v2/pnl/leaderboard/top?sort=realized&direction=desc&days=7&minTrades=20&minDays=3&platform=terminal,playwright-chrome-headed,OK,,raw/2026-09-18/terminal-7d-20260918T202516Z-ca8abeb5.html,a57af9a0dc1f87b43f834c49a5a85ea1505fcd2ba533a4a270cb11feb8431ae4,,0.1.0,,2,raw/2026-09-18/terminal-7d-20260918T202516Z-ca8abeb5.json,f5bb0af49ca46ecc686413eb122ecbbd446c9b1b69f199e1874c22745f82ae16,,,6c7ac3b75e68d899be8deb117888cde362bd6030f72becdc5803d1496ac5d9ba,bf95cd5f443e6348c2b5b874768413ecfccc7b5d96c16849d896193ef9195714
terminal-14d-20260918T202524Z-ad0bd25a,2026-09-18T20:25:24Z,2026-09-18,terminal,14,realized,desc,20,3,https://www.solanatracker.io/dapi/v2/pnl/leaderboard/top?sort=realized&direction=desc&days=14&minTrades=20&minDays=3&platform=terminal,playwright-chrome-headed,OK,,raw/2026-09-18/terminal-14d-20260918T202524Z-ad0bd25a.html,0e3401cb5c28c572ca7b1e4841999f3051731e64c04e296d7a033bd9f6753673,,0.1.0,,2,raw/2026-09-18/terminal-14d-20260918T202524Z-ad0bd25a.json,f5bb0af49ca46ecc686413eb122ecbbd446c9b1b69f199e1874c22745f82ae16,,,bf95cd5f443e6348c2b5b874768413ecfccc7b5d96c16849d896193ef9195714,12eedcf13d5cb517f2add9921c73bdbd6e3c5d839789538d94cd7c4683a2b328
terminal-30d-20260918T202531Z-c8136831,2026-09-18T20:25:31Z,2026-09-18,terminal,30,realized,desc,20,3,https://www.solanatracker.io/dapi/v2/pnl/leaderboard/top?sort=realized&direction=desc&days=30&minTrades=20&minDays=3&platform=terminal,playwright-chrome-headed,OK,,raw/2026-09-18/terminal-30d-20260918T202531Z-c8136831.html,75ae5e37bd42d4b3521bfb1c56fbc857ebcf102b65c9be76239a4c39e4e09000,,0.1.0,,2,raw/2026-09-18/terminal-30d-20260918T202531Z-c8136831.json,9ed588f9d104b3c975c8bd479796f7a6d91da9cf82610e0f3ca0bb6df6956893,,,12eedcf13d5cb517f2add9921c73bdbd6e3c5d839789538d94cd7c4683a2b328,cf8d90b23b0432e5bbd1cc01734a073cca79b478991ccfce25dd01ac5f4f9e0a
kolscan-1d-20260918T202625Z-684c924a,2026-09-18T20:26:25Z,2026-09-18,kolscan,1,,,,,,playwright-chrome-headed,FAIL,,raw/2026-09-18/kolscan-1d-20260918T202625Z-684c924a.html,b760beb95e3ebd6cee507a44887ec308e03bfab241b4a56f1d1ae9258716b1ed,,0.1.0,"no XHR matching /dapi/v2/pnl/leaderboard/top was observed; nav/readiness error: the timeframe tablist (div[role=""tablist""][aria-label=""Leaderboard period""]) never appeared, so 1D could not be selected (TimeoutError: Page.wait_for_selector: Timeout 15000ms exceeded. Call log: - waiting for locator(""div[role=\""tablist\""][aria-label=\""Leaderboard period\""]"") to be visible ); no XHR with days=1 and platform='kolscan' arrived within 30000ms of selecting the 1D tab (0 matching-endpoint response(s) seen: none) -- the timeframe switch is unconfirmed, so these bytes cannot be trusted to be this timeframe's",2,,,,,cf8d90b23b0432e5bbd1cc01734a073cca79b478991ccfce25dd01ac5f4f9e0a,c20369409ebb6388508eead45c5cbabaec2a84b0e907341a66a1461a7bf45d47
kolscan-7d-20260918T202716Z-70ff6707,2026-09-18T20:27:16Z,2026-09-18,kolscan,7,,,,,,playwright-chrome-headed,FAIL,,raw/2026-09-18/kolscan-7d-20260918T202716Z-70ff6707.html,1cfa5a3b8d123f040340f266a8e4acd4b475fe3561a849188ef4f5e5d991f1ca,,0.1.0,"no XHR matching /dapi/v2/pnl/leaderboard/top was observed; nav/readiness error: the timeframe tablist (div[role=""tablist""][aria-label=""Leaderboard period""]) never appeared, so 7D could not be selected (TimeoutError: Page.wait_for_selector: Timeout 15000ms exceeded. Call log: - waiting for locator(""div[role=\""tablist\""][aria-label=\""Leaderboard period\""]"") to be visible ); no XHR with days=7 and platform='kolscan' arrived within 30000ms of selecting the 7D tab (0 matching-endpoint response(s) seen: none) -- the timeframe switch is unconfirmed, so these bytes cannot be trusted to be this timeframe's",2,,,,,c20369409ebb6388508eead45c5cbabaec2a84b0e907341a66a1461a7bf45d47,d8ac1e8eb8b72ae2155cb2f44f6d18bf6cfe1f8191bc579c4e9e610f1596f14e
kolscan-14d-20260918T202807Z-68d24889,2026-09-18T20:28:07Z,2026-09-18,kolscan,14,,,,,,playwright-chrome-headed,FAIL,,raw/2026-09-18/kolscan-14d-20260918T202807Z-68d24889.html,4b3f9d06844bde1693164990b2e88b1c449017313aeea6a97015ed7aded4298d,,0.1.0,"no XHR matching /dapi/v2/pnl/leaderboard/top was observed; nav/readiness error: the timeframe tablist (div[role=""tablist""][aria-label=""Leaderboard period""]) never appeared, so 14D could not be selected (TimeoutError: Page.wait_for_selector: Timeout 15000ms exceeded. Call log: - waiting for locator(""div[role=\""tablist\""][aria-label=\""Leaderboard period\""]"") to be visible ); no XHR with days=14 and platform='kolscan' arrived within 30000ms of selecting the 14D tab (0 matching-endpoint response(s) seen: none) -- the timeframe switch is unconfirmed, so these bytes cannot be trusted to be this timeframe's",2,,,,,d8ac1e8eb8b72ae2155cb2f44f6d18bf6cfe1f8191bc579c4e9e610f1596f14e,5dcf2eaea356cecfbd5e227f70cb4c600f27ae07a9b4989760d3461b455cb076
kolscan-30d-20260918T202858Z-66e576c9,2026-09-18T20:28:58Z,2026-09-18,kolscan,30,,,,,,playwright-chrome-headed,FAIL,,raw/2026-09-18/kolscan-30d-20260918T202858Z-66e576c9.html,36aafa40e9ffbfc612d815cee1409c43ab2a75b176ef5c5e0594ec910ca5c7bd,,0.1.0,"no XHR matching /dapi/v2/pnl/leaderboard/top was observed; nav/readiness error: the timeframe tablist (div[role=""tablist""][aria-label=""Leaderboard period""]) never appeared, so 30D could not be selected (TimeoutError: Page.wait_for_selector: Timeout 15000ms exceeded. Call log: - waiting for locator(""div[role=\""tablist\""][aria-label=\""Leaderboard period\""]"") to be visible ); no XHR with days=30 and platform='kolscan' arrived within 30000ms of selecting the 30D tab (0 matching-endpoint response(s) seen: none) -- the timeframe switch is unconfirmed, so these bytes cannot be trusted to be this timeframe's",2,,,,,5dcf2eaea356cecfbd5e227f70cb4c600f27ae07a9b4989760d3461b455cb076,deeef46316d588f1c3226c6c4d2298dcc1a45e3cb2fad9bdfe60f54d19667d6a
fomo-1d-20260918T211941Z-4711258b,2026-09-18T21:19:41Z,2026-09-18,fomo,1,realized,desc,5,1,https://www.solanatracker.io/dapi/v2/pnl/leaderboard/top?sort=realized&direction=desc&days=1&minTrades=5&minDays=1&platform=fomo,playwright-chrome-headed,OK,,raw/2026-09-18/fomo-1d-20260918T211941Z-4711258b.html,e17c84ee286e95bd674703510ff5ac61523656191f4e8b7dc13f98404db48284,,0.1.0,,3,raw/2026-09-18/fomo-1d-20260918T211941Z-4711258b.json,a1d69e636baad89f4e3b2d7a39d19b5a35a492a1fc5ef84e96beba7c5e5abea3,measurement,,deeef46316d588f1c3226c6c4d2298dcc1a45e3cb2fad9bdfe60f54d19667d6a,fd0d5eed56524a40a2b39b9e0d0aa538d3fb4eff1548d36f3079b052e71c6667
fomo-7d-20260918T211952Z-29a2a803,2026-09-18T21:19:52Z,2026-09-18,fomo,7,realized,desc,20,3,https://www.solanatracker.io/dapi/v2/pnl/leaderboard/top?sort=realized&direction=desc&days=7&minTrades=20&minDays=3&platform=fomo,playwright-chrome-headed,OK,,raw/2026-09-18/fomo-7d-20260918T211952Z-29a2a803.html,4a5ec1b6b7c249b3ec8b8bbc567521a1a4091b58a98542f5858365beb38de0ff,,0.1.0,,3,raw/2026-09-18/fomo-7d-20260918T211952Z-29a2a803.json,4d97ddd7e745c14079ee2742e7fdd7a79e32ae96c3e597db19eafc54fe26fcc0,measurement,,fd0d5eed56524a40a2b39b9e0d0aa538d3fb4eff1548d36f3079b052e71c6667,878176674bf81a3c62005216744042ced906ea6781f1bfe7e12ec4e790e5ff90
fomo-14d-canary-20260918T211959Z-e7c1712d,2026-09-18T21:19:59Z,2026-09-18,fomo,14,realized,desc,20,3,https://www.solanatracker.io/dapi/v2/pnl/leaderboard/top?sort=realized&direction=desc&days=14&minTrades=20&minDays=3&platform=fomo,playwright-chrome-headed,OK,,raw/2026-09-18/fomo-14d-canary-20260918T211959Z-e7c1712d.html,20e03cbf479b82ccd79692b6a256c6691428777ccc886569c37bbd6c1ddb4073,,0.1.0,,3,raw/2026-09-18/fomo-14d-canary-20260918T211959Z-e7c1712d.json,4d97ddd7e745c14079ee2742e7fdd7a79e32ae96c3e597db19eafc54fe26fcc0,canary,"canary: NOT PART OF THE MEASUREMENT. 14D payload sha256=4d97ddd7e745c14079ee2742e7fdd7a79e32ae96c3e597db19eafc54fe26fcc0 is byte-identical to this run's fomo 7D payload, so days=14 is still serving the fomo 7D board and stays correctly out of TIMEFRAMES",878176674bf81a3c62005216744042ced906ea6781f1bfe7e12ec4e790e5ff90,04adbee02b53bd5b3a204b9b6fdfca74155aa4d52058d984211a8e019defd20b
fomo-30d-20260918T212005Z-cb2bafdf,2026-09-18T21:20:05Z,2026-09-18,fomo,30,realized,desc,20,3,https://www.solanatracker.io/dapi/v2/pnl/leaderboard/top?sort=realized&direction=desc&days=30&minTrades=20&minDays=3&platform=fomo,playwright-chrome-headed,OK,,raw/2026-09-18/fomo-30d-20260918T212005Z-cb2bafdf.html,f6ca04a9e9a043809c89bdee476195327ce05db43e2bd991924b92b77b6d6641,,0.1.0,,3,raw/2026-09-18/fomo-30d-20260918T212005Z-cb2bafdf.json,0addbd235ef2f09b43aea1e3cf798ffa239093f473c916dbb2d7c09718ab4a2d,measurement,,04adbee02b53bd5b3a204b9b6fdfca74155aa4d52058d984211a8e019defd20b,e01d4decafada67d3a49b843e381af86b6a1cc941666a09e4ac9dd3b1d9a5e80
axiom-1d-20260918T212014Z-6f7b52f4,2026-09-18T21:20:14Z,2026-09-18,axiom,1,realized,desc,5,1,https://www.solanatracker.io/dapi/v2/pnl/leaderboard/top?sort=realized&direction=desc&days=1&minTrades=5&minDays=1&platform=axiom,playwright-chrome-headed,OK,,raw/2026-09-18/axiom-1d-20260918T212014Z-6f7b52f4.html,221b9a7b8621114046fb9e5c61384f86bc0ac0d968c89b9c50ec0a70aa16ddb2,,0.1.0,,3,raw/2026-09-18/axiom-1d-20260918T212014Z-6f7b52f4.json,33f22c5131311250c19944c64394430ea9f8a3de17d613081146279c2bb2d71f,measurement,,e01d4decafada67d3a49b843e381af86b6a1cc941666a09e4ac9dd3b1d9a5e80,336542a3f8dee6ac0c608a825ffbd13e04f970741e8c98ca0eed21e2d7f70d54
axiom-7d-20260918T212029Z-9ff9fd2b,2026-09-18T21:20:29Z,2026-09-18,axiom,7,realized,desc,20,3,https://www.solanatracker.io/dapi/v2/pnl/leaderboard/top?sort=realized&direction=desc&days=7&minTrades=20&minDays=3&platform=axiom,playwright-chrome-headed,OK,,raw/2026-09-18/axiom-7d-20260918T212029Z-9ff9fd2b.html,52b5df9972d3e1f7089e2d082ca6eb61e8d434a24032886f1edcbac82cf86079,,0.1.0,,3,raw/2026-09-18/axiom-7d-20260918T212029Z-9ff9fd2b.json,861c0cb53ebd8ebea9b5fe27cda008bbc9a554e8c1c56eea4e8d055773aac259,measurement,,336542a3f8dee6ac0c608a825ffbd13e04f970741e8c98ca0eed21e2d7f70d54,25ca5070470133ffa0cfdecce2cc8cd68ce7c0d241a8223098412e4278c8a377
axiom-30d-20260918T212036Z-3b4e6d33,2026-09-18T21:20:36Z,2026-09-18,axiom,30,realized,desc,20,3,https://www.solanatracker.io/dapi/v2/pnl/leaderboard/top?sort=realized&direction=desc&days=30&minTrades=20&minDays=3&platform=axiom,playwright-chrome-headed,OK,,raw/2026-09-18/axiom-30d-20260918T212036Z-3b4e6d33.html,0220c797bc9e5f39360c0d27a488186a94a6f3025ceb027c8284bf49e754cc9f,,0.1.0,,3,raw/2026-09-18/axiom-30d-20260918T212036Z-3b4e6d33.json,df86623ebd393991b6fda1d021e8d1991aefa54e348e8a6337a9260e014067da,measurement,,25ca5070470133ffa0cfdecce2cc8cd68ce7c0d241a8223098412e4278c8a377,e54e960656596d37851c1e9e5e16f8ee2ccc1d12acc5f15121d682d0baaaf740
photon-1d-20260918T212046Z-41a4d820,2026-09-18T21:20:46Z,2026-09-18,photon,1,realized,desc,5,1,https://www.solanatracker.io/dapi/v2/pnl/leaderboard/top?sort=realized&direction=desc&days=1&minTrades=5&minDays=1&platform=photon,playwright-chrome-headed,OK,,raw/2026-09-18/photon-1d-20260918T212046Z-41a4d820.html,90b95a38949a362257e562ef70616f7bce79b8f91fd69cc32c936eb22914f194,,0.1.0,,3,raw/2026-09-18/photon-1d-20260918T212046Z-41a4d820.json,8e618c69751772e36b4ff8e00bcc96d02b444fa0a217d9f3c2e80aa9ccd73af4,measurement,,e54e960656596d37851c1e9e5e16f8ee2ccc1d12acc5f15121d682d0baaaf740,98576b339eac97a7d7ad82544ded283fd50a94075599776b6e296ce395185270
photon-7d-20260918T212057Z-dea88df5,2026-09-18T21:20:57Z,2026-09-18,photon,7,realized,desc,20,3,https://www.solanatracker.io/dapi/v2/pnl/leaderboard/top?sort=realized&direction=desc&days=7&minTrades=20&minDays=3&platform=photon,playwright-chrome-headed,OK,,raw/2026-09-18/photon-7d-20260918T212057Z-dea88df5.html,fb4b28bc0ff4708691d0021dd4e941406e2b06b3cd9f48c199a044ee3cb57600,,0.1.0,,3,raw/2026-09-18/photon-7d-20260918T212057Z-dea88df5.json,7220d9dd7d4006396363da3f23e1512078723a3348168ae1aa5cd8112ef04639,measurement,,98576b339eac97a7d7ad82544ded283fd50a94075599776b6e296ce395185270,beeb651cd2619a3df400b25e3a22283d60b4d236543f5ed868eba481d4c14c2e
photon-30d-20260918T212104Z-580e2705,2026-09-18T21:21:04Z,2026-09-18,photon,30,realized,desc,20,3,https://www.solanatracker.io/dapi/v2/pnl/leaderboard/top?sort=realized&direction=desc&days=30&minTrades=20&minDays=3&platform=photon,playwright-chrome-headed,OK,,raw/2026-09-18/photon-30d-20260918T212104Z-580e2705.html,33b0d3cbba6eb2e74fb8bcc45aa649a113243d3a41c8a901c0ddd1fe175dd9ae,,0.1.0,,3,raw/2026-09-18/photon-30d-20260918T212104Z-580e2705.json,d88b0817cafd29215011015d320bcf8f983331d5b9ae3d8c2951035a968aafd1,measurement,,beeb651cd2619a3df400b25e3a22283d60b4d236543f5ed868eba481d4c14c2e,da9b3e7b42c4af95e9177f57dbdf2d2681610301f5dc0c574b8413d9e3186f6c
bloom-1d-20260918T212113Z-0d4fc655,2026-09-18T21:21:13Z,2026-09-18,bloom,1,realized,desc,5,1,https://www.solanatracker.io/dapi/v2/pnl/leaderboard/top?sort=realized&direction=desc&days=1&minTrades=5&minDays=1&platform=bloom,playwright-chrome-headed,OK,,raw/2026-09-18/bloom-1d-20260918T212113Z-0d4fc655.html,fdb5a301debb87a060f7dae4bc85d80d218c694346d6559670521c1024b9cb05,,0.1.0,,3,raw/2026-09-18/bloom-1d-20260918T212113Z-0d4fc655.json,80f0c2a26dbebaa8385f4548ae7368b5645769b593e3962a6e41b87a6c3aa9e2,measurement,,da9b3e7b42c4af95e9177f57dbdf2d2681610301f5dc0c574b8413d9e3186f6c,9f96efeaa98d462f843a914413fe3f1757ae3a779d6e01df9ce5d3970061ad3e
bloom-7d-20260918T212123Z-c66e13a3,2026-09-18T21:21:23Z,2026-09-18,bloom,7,realized,desc,20,3,https://www.solanatracker.io/dapi/v2/pnl/leaderboard/top?sort=realized&direction=desc&days=7&minTrades=20&minDays=3&platform=bloom,playwright-chrome-headed,OK,,raw/2026-09-18/bloom-7d-20260918T212123Z-c66e13a3.html,d9176cd6f70b0a2232a094f808b9022547f2d27c7e349ef5833c02b29efae959,,0.1.0,,3,raw/2026-09-18/bloom-7d-20260918T212123Z-c66e13a3.json,41cccf374f6de662282adf170f50d6c9c8dde9aa2a5d5270dd7637329a888640,measurement,,9f96efeaa98d462f843a914413fe3f1757ae3a779d6e01df9ce5d3970061ad3e,d722da14354d3419f4051a7c1c0f2fab00366c82728e6ec46d31d297cc76c73b
bloom-30d-20260918T212130Z-3041849c,2026-09-18T21:21:30Z,2026-09-18,bloom,30,realized,desc,20,3,https://www.solanatracker.io/dapi/v2/pnl/leaderboard/top?sort=realized&direction=desc&days=30&minTrades=20&minDays=3&platform=bloom,playwright-chrome-headed,OK,,raw/2026-09-18/bloom-30d-20260918T212130Z-3041849c.html,957c68336b081939c1b0eb63fb0e827f4c8541120e5ccad84d1a19cf892370bc,,0.1.0,,3,raw/2026-09-18/bloom-30d-20260918T212130Z-3041849c.json,39b17b094d1da931519c73c4aedd1fbf1e11021217872a02cc87abac3455933b,measurement,,d722da14354d3419f4051a7c1c0f2fab00366c82728e6ec46d31d297cc76c73b,0788c100b25927311429c4595da4ab7469ff58758ea673303bda6d62cb452cea
gmgn-1d-20260918T212139Z-6ee161f3,2026-09-18T21:21:39Z,2026-09-18,gmgn,1,realized,desc,5,1,https://www.solanatracker.io/dapi/v2/pnl/leaderboard/top?sort=realized&direction=desc&days=1&minTrades=5&minDays=1&platform=gmgn,playwright-chrome-headed,OK,,raw/2026-09-18/gmgn-1d-20260918T212139Z-6ee161f3.html,100854a93cf08ca793996a409903642e865ca021c918d9acd954fbfdc4478735,,0.1.0,,3,raw/2026-09-18/gmgn-1d-20260918T212139Z-6ee161f3.json,4936812731cbfaa0acd7be24d1b0d53521cf2bd572c25587599d643c929de99e,measurement,,0788c100b25927311429c4595da4ab7469ff58758ea673303bda6d62cb452cea,8c9af813fc54e1c8dde3fdbac22716069a6d3bf2fe8bb914229dd994547cc530
gmgn-7d-20260918T212148Z-23d0dcb3,2026-09-18T21:21:48Z,2026-09-18,gmgn,7,realized,desc,20,3,https://www.solanatracker.io/dapi/v2/pnl/leaderboard/top?sort=realized&direction=desc&days=7&minTrades=20&minDays=3&platform=gmgn,playwright-chrome-headed,OK,,raw/2026-09-18/gmgn-7d-20260918T212148Z-23d0dcb3.html,0811d812e8e9dd1c63a0756d7507a1d6fadb73a968e5f1adfe450c6b7b61e0ba,,0.1.0,,3,raw/2026-09-18/gmgn-7d-20260918T212148Z-23d0dcb3.json,e9231d088185848a6406decc6196e89e9f2f12bd79306c01dc1d4dcc68b6afd1,measurement,,8c9af813fc54e1c8dde3fdbac22716069a6d3bf2fe8bb914229dd994547cc530,04b1cb00237c0b25b5bbcbb3b48e32f30b5ffc56fe09c0b1563508754341f902
gmgn-30d-20260918T212156Z-38bd2699,2026-09-18T21:21:56Z,2026-09-18,gmgn,30,realized,desc,20,3,https://www.solanatracker.io/dapi/v2/pnl/leaderboard/top?sort=realized&direction=desc&days=30&minTrades=20&minDays=3&platform=gmgn,playwright-chrome-headed,OK,,raw/2026-09-18/gmgn-30d-20260918T212156Z-38bd2699.html,28e15b13a106e804734b8e5e4eb00784fedff5964f9e19c3be5425fb5431a681,,0.1.0,,3,raw/2026-09-18/gmgn-30d-20260918T212156Z-38bd2699.json,b4cdad1a89ec0ba7045e7dd9983c8b43a00cda0a78eadb42061f1d70ad8b36e5,measurement,,04b1cb00237c0b25b5bbcbb3b48e32f30b5ffc56fe09c0b1563508754341f902,9094ec27ffb3cf7b36dac80c861046dbf6516744a96f932352fdf422c027fea4
pumpfun-app-1d-20260918T212204Z-7406fd0b,2026-09-18T21:22:04Z,2026-09-18,pumpfun-app,1,realized,desc,5,1,https://www.solanatracker.io/dapi/v2/pnl/leaderboard/top?sort=realized&direction=desc&days=1&minTrades=5&minDays=1&platform=pumpfun-app,playwright-chrome-headed,OK,,raw/2026-09-18/pumpfun-app-1d-20260918T212204Z-7406fd0b.html,8a3f7bbd21b5b4a9e97e1a99e06b1d46fbebde733ca3c382a52c1577b58c0de0,,0.1.0,,3,raw/2026-09-18/pumpfun-app-1d-20260918T212204Z-7406fd0b.json,2f8f1ed96a9cf6f16a198ae0e698f08271071ef5c0f22f9fa95c4de12152a7b6,measurement,,9094ec27ffb3cf7b36dac80c861046dbf6516744a96f932352fdf422c027fea4,51df425b5faafa8420f203e1db081d0af77c6e962fdd0309d09b1d66dc85252b
pumpfun-app-7d-20260918T212215Z-d9c59ecf,2026-09-18T21:22:15Z,2026-09-18,pumpfun-app,7,realized,desc,20,3,https://www.solanatracker.io/dapi/v2/pnl/leaderboard/top?sort=realized&direction=desc&days=7&minTrades=20&minDays=3&platform=pumpfun-app,playwright-chrome-headed,OK,,raw/2026-09-18/pumpfun-app-7d-20260918T212215Z-d9c59ecf.html,c7b4f5bacb8fafbb031542b9f7fe90e3a5a9bc54a69cf69cab9b6d73eba6bd19,,0.1.0,,3,raw/2026-09-18/pumpfun-app-7d-20260918T212215Z-d9c59ecf.json,039e04ea6e3f1c8582e12f39092271c9143e671ab34181fff1dc6f74ab4bd7a0,measurement,,51df425b5faafa8420f203e1db081d0af77c6e962fdd0309d09b1d66dc85252b,62ab19e0859a3356a1ef34cceb73ba4964af921d68263e94026431982cc6cf31
pumpfun-app-30d-20260918T212222Z-031843ae,2026-09-18T21:22:22Z,2026-09-18,pumpfun-app,30,realized,desc,20,3,https://www.solanatracker.io/dapi/v2/pnl/leaderboard/top?sort=realized&direction=desc&days=30&minTrades=20&minDays=3&platform=pumpfun-app,playwright-chrome-headed,OK,,raw/2026-09-18/pumpfun-app-30d-20260918T212222Z-031843ae.html,452ea292f194ec25d4e457f4ae70f22432991fcc922f94a273fd37e18cded30a,,0.1.0,,3,raw/2026-09-18/pumpfun-app-30d-20260918T212222Z-031843ae.json,635936955026c7ffc54d4a16bba59eb11efc5550586d62d0ce9cbd1d0563b6dd,measurement,,62ab19e0859a3356a1ef34cceb73ba4964af921d68263e94026431982cc6cf31,2b2bbc638a6e48cb1777b1f5a846d422b32b60742d3b2bb95cd05380b4232d0f
terminal-1d-20260918T212231Z-76c59b2d,2026-09-18T21:22:31Z,2026-09-18,terminal,1,realized,desc,5,1,https://www.solanatracker.io/dapi/v2/pnl/leaderboard/top?sort=realized&direction=desc&days=1&minTrades=5&minDays=1&platform=terminal,playwright-chrome-headed,OK,,raw/2026-09-18/terminal-1d-20260918T212231Z-76c59b2d.html,691e10aaef59c9219e93084ff870686e134f48f48245e5d250593a61a0c3ab20,,0.1.0,,3,raw/2026-09-18/terminal-1d-20260918T212231Z-76c59b2d.json,585a9e7df6029cb94cebf5fe41ede1f061614e6002350b244bc8989aff504ec3,measurement,,2b2bbc638a6e48cb1777b1f5a846d422b32b60742d3b2bb95cd05380b4232d0f,44a2fa274e7fb3164cf843ebc669cf28ef7bb22a7c5b75e9bb3b0b2dfb0244b3
terminal-7d-20260918T212241Z-4633ec02,2026-09-18T21:22:41Z,2026-09-18,terminal,7,realized,desc,20,3,https://www.solanatracker.io/dapi/v2/pnl/leaderboard/top?sort=realized&direction=desc&days=7&minTrades=20&minDays=3&platform=terminal,playwright-chrome-headed,OK,,raw/2026-09-18/terminal-7d-20260918T212241Z-4633ec02.html,503515a4f63f3534eb509926db39ee4906019d502f470374e7e540d1741281b6,,0.1.0,,3,raw/2026-09-18/terminal-7d-20260918T212241Z-4633ec02.json,1851139213c61d90375242bf4ed275e77a0f9feaaa0520f21fcc92695671dd7a,measurement,,44a2fa274e7fb3164cf843ebc669cf28ef7bb22a7c5b75e9bb3b0b2dfb0244b3,2aeb2b31e4b436e7a06281ace960ac5fe680e55f7a4f2dc7d1d7ea4e2fa1eba4
terminal-30d-20260918T212248Z-b8afbd56,2026-09-18T21:22:48Z,2026-09-18,terminal,30,realized,desc,20,3,https://www.solanatracker.io/dapi/v2/pnl/leaderboard/top?sort=realized&direction=desc&days=30&minTrades=20&minDays=3&platform=terminal,playwright-chrome-headed,OK,,raw/2026-09-18/terminal-30d-20260918T212248Z-b8afbd56.html,235490dc58be81c80bce45aa17e7bfccd0279f1d5b1f058d7aa3d73ed299dde7,,0.1.0,,3,raw/2026-09-18/terminal-30d-20260918T212248Z-b8afbd56.json,b24dabc5a8bb62166ed44594f9dccd970dde20c5e84a0ed60ebcde3f67efbefc,measurement,,2aeb2b31e4b436e7a06281ace960ac5fe680e55f7a4f2dc7d1d7ea4e2fa1eba4,02b4ca14a7dd32b3959da6cc9d09e76af1fc831cfc3d776b8277a693dd3360f8
fomo-1d-20260919T181246Z-064c5659,2026-09-19T18:12:46Z,2026-09-19,fomo,1,realized,desc,5,1,https://www.solanatracker.io/dapi/v2/pnl/leaderboard/top?sort=realized&direction=desc&days=1&minTrades=5&minDays=1&platform=fomo,playwright-chrome-headed,OK,,raw/2026-09-19/fomo-1d-20260919T181246Z-064c5659.html,688f9891a2f0d8087c4a63cad47fd880b05d89b3a0dd7726686eea933ee8f206,,0.1.0,,3,raw/2026-09-19/fomo-1d-20260919T181246Z-064c5659.json,c87843e0c53685d93f6cdc8401bcf8d363089cddbab682d2c18c17f0678e5f68,measurement,,02b4ca14a7dd32b3959da6cc9d09e76af1fc831cfc3d776b8277a693dd3360f8,115f30965d1bc426358b54d7e0781b389a347e1a44e46e5ec49de44f1fdfd6b5
fomo-7d-20260919T181309Z-a4dbec24,2026-09-19T18:13:09Z,2026-09-19,fomo,7,realized,desc,20,3,https://www.solanatracker.io/dapi/v2/pnl/leaderboard/top?sort=realized&direction=desc&days=7&minTrades=20&minDays=3&platform=fomo,playwright-chrome-headed,OK,,raw/2026-09-19/fomo-7d-20260919T181309Z-a4dbec24.html,3975db83d657b59b9a43ce6da0bd13785d9401896afd6492a89c48801ecdd634,,0.1.0,,3,raw/2026-09-19/fomo-7d-20260919T181309Z-a4dbec24.json,b9c67b86b6fc1d5ed826f36501f8c1a360488d8743a5c75066fd0b4c4ba2a1d8,measurement,,115f30965d1bc426358b54d7e0781b389a347e1a44e46e5ec49de44f1fdfd6b5,b0fc8909ae08fc27a090d5009056c8613b2c8a2f93f9e6e20b5d89b84793b0ff
fomo-14d-canary-20260919T181316Z-e317816b,2026-09-19T18:13:16Z,2026-09-19,fomo,14,realized,desc,20,3,https://www.solanatracker.io/dapi/v2/pnl/leaderboard/top?sort=realized&direction=desc&days=14&minTrades=20&minDays=3&platform=fomo,playwright-chrome-headed,OK,,raw/2026-09-19/fomo-14d-canary-20260919T181316Z-e317816b.html,c35f48f096879787f9ebe89b18c1ee29be6596f82562be2556cb99fad3a92cfc,,0.1.0,,3,raw/2026-09-19/fomo-14d-canary-20260919T181316Z-e317816b.json,b9c67b86b6fc1d5ed826f36501f8c1a360488d8743a5c75066fd0b4c4ba2a1d8,canary,"canary: NOT PART OF THE MEASUREMENT. 14D payload sha256=b9c67b86b6fc1d5ed826f36501f8c1a360488d8743a5c75066fd0b4c4ba2a1d8 is byte-identical to this run's fomo 7D payload, so days=14 is still serving the fomo 7D board and stays correctly out of TIMEFRAMES",b0fc8909ae08fc27a090d5009056c8613b2c8a2f93f9e6e20b5d89b84793b0ff,7ed0e56f0694558efb994f8af6612231e80f4d9f03adf0ddf02cda71cd0ca029
fomo-30d-20260919T181323Z-f2fea21f,2026-09-19T18:13:23Z,2026-09-19,fomo,30,realized,desc,20,3,https://www.solanatracker.io/dapi/v2/pnl/leaderboard/top?sort=realized&direction=desc&days=30&minTrades=20&minDays=3&platform=fomo,playwright-chrome-headed,OK,,raw/2026-09-19/fomo-30d-20260919T181323Z-f2fea21f.html,6432a70f2b2a98ef0dadf00c332ddb7cd290d36a6b1a3e9523f1258fa66c458a,,0.1.0,,3,raw/2026-09-19/fomo-30d-20260919T181323Z-f2fea21f.json,1aed602578bfe148647eb076b7e57a1ec923d593c565147a54fd63e2dc3daa15,measurement,,7ed0e56f0694558efb994f8af6612231e80f4d9f03adf0ddf02cda71cd0ca029,ec484ebea2d6a0bc9cda46f15594440452c91cb4ba49f05c8a15fc708d00d52e
axiom-1d-20260919T181342Z-438bf6d2,2026-09-19T18:13:42Z,2026-09-19,axiom,1,realized,desc,5,1,https://www.solanatracker.io/dapi/v2/pnl/leaderboard/top?sort=realized&direction=desc&days=1&minTrades=5&minDays=1&platform=axiom,playwright-chrome-headed,OK,,raw/2026-09-19/axiom-1d-20260919T181342Z-438bf6d2.html,b135f138fe1e84438d8fccc496d651901daea7ea27e70572754eaec1244a86f3,,0.1.0,,3,raw/2026-09-19/axiom-1d-20260919T181342Z-438bf6d2.json,efa2174df2f61326330dd060cd6b1acfa14c497bcafd6379ee90c2a95f783649,measurement,,ec484ebea2d6a0bc9cda46f15594440452c91cb4ba49f05c8a15fc708d00d52e,cbcb05a4ef77017e4b5932d7a7411e8bb789d276f96ef36e40c7117be97a3d54
axiom-7d-20260919T181403Z-604de659,2026-09-19T18:14:03Z,2026-09-19,axiom,7,realized,desc,20,3,https://www.solanatracker.io/dapi/v2/pnl/leaderboard/top?sort=realized&direction=desc&days=7&minTrades=20&minDays=3&platform=axiom,playwright-chrome-headed,OK,,raw/2026-09-19/axiom-7d-20260919T181403Z-604de659.html,5838ee7aaedeb4c7e386acc490f840b1b30a41b9c4118eb80b1993e09d8a9c04,,0.1.0,,3,raw/2026-09-19/axiom-7d-20260919T181403Z-604de659.json,f32cc6b3908875cf5cce1561db1c6fe49eac725911bc1819088acfeef5eadfb2,measurement,,cbcb05a4ef77017e4b5932d7a7411e8bb789d276f96ef36e40c7117be97a3d54,32f64786a7c86969b862363dd1c95164f5765366c8542847d4b5c7a3bbd379dd
axiom-30d-20260919T181410Z-1efda9c1,2026-09-19T18:14:10Z,2026-09-19,axiom,30,realized,desc,20,3,https://www.solanatracker.io/dapi/v2/pnl/leaderboard/top?sort=realized&direction=desc&days=30&minTrades=20&minDays=3&platform=axiom,playwright-chrome-headed,OK,,raw/2026-09-19/axiom-30d-20260919T181410Z-1efda9c1.html,e3b0b05dadf89361fb8569791960e21ba8b398ac528e7c65e3a9e7eff4d86b77,,0.1.0,,3,raw/2026-09-19/axiom-30d-20260919T181410Z-1efda9c1.json,7c2a0af72126481d9eb69be776a0b08e61caa2e32ca87dd8b2c4bb4b8c807783,measurement,,32f64786a7c86969b862363dd1c95164f5765366c8542847d4b5c7a3bbd379dd,da3c8804136124989f583ce77f9baca8aa6109a8ce6f50d48163175e9b8ac7e7
photon-1d-20260919T181426Z-948ee3fa,2026-09-19T18:14:26Z,2026-09-19,photon,1,realized,desc,5,1,https://www.solanatracker.io/dapi/v2/pnl/leaderboard/top?sort=realized&direction=desc&days=1&minTrades=5&minDays=1&platform=photon,playwright-chrome-headed,OK,,raw/2026-09-19/photon-1d-20260919T181426Z-948ee3fa.html,5ce9fc01ef4b7c5816f87259cf8dc597d164bf5acc1c5b20228cfaf0228c46f5,,0.1.0,,3,raw/2026-09-19/photon-1d-20260919T181426Z-948ee3fa.json,729e7a483bb51b894da12477c99e749123e3b7847816804f810ea8f6f1686b93,measurement,,da3c8804136124989f583ce77f9baca8aa6109a8ce6f50d48163175e9b8ac7e7,445a75c72eb0ca80dd54d70775411bf7c9b6b92bf4341e03c61aaf4b65865fe3
photon-7d-20260919T181443Z-6b59a02c,2026-09-19T18:14:43Z,2026-09-19,photon,7,realized,desc,20,3,https://www.solanatracker.io/dapi/v2/pnl/leaderboard/top?sort=realized&direction=desc&days=7&minTrades=20&minDays=3&platform=photon,playwright-chrome-headed,OK,,raw/2026-09-19/photon-7d-20260919T181443Z-6b59a02c.html,0a3c4927f3302a0f987ec5158a031ef84f16e50eae8f48f52dc60a88b2b83b4c,,0.1.0,,3,raw/2026-09-19/photon-7d-20260919T181443Z-6b59a02c.json,beb17ef8896259a6ba703e09aa4a0a5f2d93ab6d43d952c68fe656d2f931d149,measurement,,445a75c72eb0ca80dd54d70775411bf7c9b6b92bf4341e03c61aaf4b65865fe3,de1cd44d08ec2d8d7e48a0abffe2adc65f59f33aa50e2ea14a13f1fc4686d411
photon-30d-20260919T181450Z-583f2a58,2026-09-19T18:14:50Z,2026-09-19,photon,30,realized,desc,20,3,https://www.solanatracker.io/dapi/v2/pnl/leaderboard/top?sort=realized&direction=desc&days=30&minTrades=20&minDays=3&platform=photon,playwright-chrome-headed,OK,,raw/2026-09-19/photon-30d-20260919T181450Z-583f2a58.html,84c038d15100e00bfbff0197a9c60eb83e51535a2cd74fc618101578d95412c1,,0.1.0,,3,raw/2026-09-19/photon-30d-20260919T181450Z-583f2a58.json,70f4ed8d69ee32a938d798d35605517dfbd024ae560492910fab60452460e546,measurement,,de1cd44d08ec2d8d7e48a0abffe2adc65f59f33aa50e2ea14a13f1fc4686d411,5999c5ff367aced96b6720e24942795ea07fb6f0e03d7c6006cea0b9d0876766
bloom-1d-20260919T181505Z-d2db7110,2026-09-19T18:15:05Z,2026-09-19,bloom,1,realized,desc,5,1,https://www.solanatracker.io/dapi/v2/pnl/leaderboard/top?sort=realized&direction=desc&days=1&minTrades=5&minDays=1&platform=bloom,playwright-chrome-headed,OK,,raw/2026-09-19/bloom-1d-20260919T181505Z-d2db7110.html,4da06549dc16557140a7d0ad3072bb2ad749540657cc3c9c850ef93431901d88,,0.1.0,,3,raw/2026-09-19/bloom-1d-20260919T181505Z-d2db7110.json,231b9e403c0942758b5e794212b8c6f4d5c00524819fe6da38d0646597292070,measurement,,5999c5ff367aced96b6720e24942795ea07fb6f0e03d7c6006cea0b9d0876766,c2be911ad730d05367a2b07cd7d3e70d012049b27068fc0a694affed06e586eb
bloom-7d-20260919T181525Z-f4cbab57,2026-09-19T18:15:25Z,2026-09-19,bloom,7,realized,desc,20,3,https://www.solanatracker.io/dapi/v2/pnl/leaderboard/top?sort=realized&direction=desc&days=7&minTrades=20&minDays=3&platform=bloom,playwright-chrome-headed,OK,,raw/2026-09-19/bloom-7d-20260919T181525Z-f4cbab57.html,7245d4de8c9c87170f18f05203f6924c74ddc16b5fb926744b29c838e6b90cf0,,0.1.0,,3,raw/2026-09-19/bloom-7d-20260919T181525Z-f4cbab57.json,6efbc11a2a753759903f7095087bbf16557c919aed690ffb0977a35dfeec0fa6,measurement,,c2be911ad730d05367a2b07cd7d3e70d012049b27068fc0a694affed06e586eb,70380c8811891d7901dab233d587b51566daad6e80a041a8f1b7d7b764e50b73
bloom-30d-20260919T181532Z-79b049e0,2026-09-19T18:15:32Z,2026-09-19,bloom,30,realized,desc,20,3,https://www.solanatracker.io/dapi/v2/pnl/leaderboard/top?sort=realized&direction=desc&days=30&minTrades=20&minDays=3&platform=bloom,playwright-chrome-headed,OK,,raw/2026-09-19/bloom-30d-20260919T181532Z-79b049e0.html,832e47e8b4bedc84a016d7b4232456b0bd48d58fba45d8ddeec515a117d9e35d,,0.1.0,,3,raw/2026-09-19/bloom-30d-20260919T181532Z-79b049e0.json,b27b2adad0d7cc459407e8ea81c8c735a635e301b07b9c6fc55601304dae7521,measurement,,70380c8811891d7901dab233d587b51566daad6e80a041a8f1b7d7b764e50b73,178a2bfd24191b0975cd246992c713f0c401fa9e7654fe69955541659442d420
gmgn-1d-20260919T181545Z-41ecbab8,2026-09-19T18:15:45Z,2026-09-19,gmgn,1,realized,desc,5,1,https://www.solanatracker.io/dapi/v2/pnl/leaderboard/top?sort=realized&direction=desc&days=1&minTrades=5&minDays=1&platform=gmgn,playwright-chrome-headed,OK,,raw/2026-09-19/gmgn-1d-20260919T181545Z-41ecbab8.html,d40bbeaf9c5b86cce180913f01384345bf3af29ac20d3d699f3fa5b4e766f32d,,0.1.0,,3,raw/2026-09-19/gmgn-1d-20260919T181545Z-41ecbab8.json,98fa941d791d170c636ce64af5cb2c8c3da85185bc2405108dc266a6eb8c5f1f,measurement,,178a2bfd24191b0975cd246992c713f0c401fa9e7654fe69955541659442d420,a5bae48e426113c07581dab7782c5d11585913a73d68a51db4e900336bc878fd
gmgn-7d-20260919T181606Z-df7eb837,2026-09-19T18:16:06Z,2026-09-19,gmgn,7,realized,desc,20,3,https://www.solanatracker.io/dapi/v2/pnl/leaderboard/top?sort=realized&direction=desc&days=7&minTrades=20&minDays=3&platform=gmgn,playwright-chrome-headed,OK,,raw/2026-09-19/gmgn-7d-20260919T181606Z-df7eb837.html,ba2d1c5080ac64942a08b59b4e13a6ab3a35cb0fb9644bcc0d0c8ff4d91b6ff9,,0.1.0,,3,raw/2026-09-19/gmgn-7d-20260919T181606Z-df7eb837.json,62cf3a61dc25d6377ebf32d10aaa4e760b0411a40c21fb4eb95081bddc692500,measurement,,a5bae48e426113c07581dab7782c5d11585913a73d68a51db4e900336bc878fd,25e6343034c7ae7e790e4d12571e29c07261c6e0a407ecdcab37b5376709208f
gmgn-30d-20260919T181612Z-26f14fca,2026-09-19T18:16:12Z,2026-09-19,gmgn,30,realized,desc,20,3,https://www.solanatracker.io/dapi/v2/pnl/leaderboard/top?sort=realized&direction=desc&days=30&minTrades=20&minDays=3&platform=gmgn,playwright-chrome-headed,OK,,raw/2026-09-19/gmgn-30d-20260919T181612Z-26f14fca.html,e4f72cabdcac93cf0622da0ed9631bedaf83913752d5056e0eafd329fc2ad5dd,,0.1.0,,3,raw/2026-09-19/gmgn-30d-20260919T181612Z-26f14fca.json,213a9b635e6d4f467692a0419e1febc448b4bd5b67bc792881d9024b898462ed,measurement,,25e6343034c7ae7e790e4d12571e29c07261c6e0a407ecdcab37b5376709208f,90fe7a7a19c4c035a413a46e074081d38d727ec2c1769fa01336b0b7b91af68e
pumpfun-app-1d-20260919T181624Z-ed0a8bc9,2026-09-19T18:16:24Z,2026-09-19,pumpfun-app,1,realized,desc,5,1,https://www.solanatracker.io/dapi/v2/pnl/leaderboard/top?sort=realized&direction=desc&days=1&minTrades=5&minDays=1&platform=pumpfun-app,playwright-chrome-headed,OK,,raw/2026-09-19/pumpfun-app-1d-20260919T181624Z-ed0a8bc9.html,372f22a5cff23bf036b5f75e94dd768054efa2b78ce37f9655f04b016ef163c7,,0.1.0,,3,raw/2026-09-19/pumpfun-app-1d-20260919T181624Z-ed0a8bc9.json,dfbbbe2aef08adf8b8d4194a69e09af6f3170afa6b31d8ad3a409de574d1f54e,measurement,,90fe7a7a19c4c035a413a46e074081d38d727ec2c1769fa01336b0b7b91af68e,d75fbab434a0376b54ed24a99398ef73835e814616bb94963ea30fa08d328153
pumpfun-app-7d-20260919T181652Z-e6a33792,2026-09-19T18:16:52Z,2026-09-19,pumpfun-app,7,realized,desc,20,3,https://www.solanatracker.io/dapi/v2/pnl/leaderboard/top?sort=realized&direction=desc&days=7&minTrades=20&minDays=3&platform=pumpfun-app,playwright-chrome-headed,OK,,raw/2026-09-19/pumpfun-app-7d-20260919T181652Z-e6a33792.html,21c65bc7f7d7aa94d45cd8eaa8ee9f5f24728fa72f43cb22336bfa7bb392e326,,0.1.0,,3,raw/2026-09-19/pumpfun-app-7d-20260919T181652Z-e6a33792.json,dff07ec431e5d57fe0119fbe298073c329e920c8b3f13e4bfe856841a6bbb25b,measurement,,d75fbab434a0376b54ed24a99398ef73835e814616bb94963ea30fa08d328153,03d5a54a86d2c584418a9447c69f80a5a40d98976d6b21918e8a78a716976916
pumpfun-app-30d-20260919T181659Z-f77987bc,2026-09-19T18:16:59Z,2026-09-19,pumpfun-app,30,realized,desc,20,3,https://www.solanatracker.io/dapi/v2/pnl/leaderboard/top?sort=realized&direction=desc&days=30&minTrades=20&minDays=3&platform=pumpfun-app,playwright-chrome-headed,OK,,raw/2026-09-19/pumpfun-app-30d-20260919T181659Z-f77987bc.html,62310acf623f215a71a4aeec4163809e5f7bcbedcf40450eb70bc909bff3c373,,0.1.0,,3,raw/2026-09-19/pumpfun-app-30d-20260919T181659Z-f77987bc.json,4134f7bf0e7d73388aa6204e7c2171c656f3051037ec52b65929829d9d8fb986,measurement,,03d5a54a86d2c584418a9447c69f80a5a40d98976d6b21918e8a78a716976916,921218ffca60bfb0efa8ed6968a2bb073b07a4eb0bd002fbd893e9cbc2647d6a
terminal-1d-20260919T181716Z-b38b4de8,2026-09-19T18:17:16Z,2026-09-19,terminal,1,realized,desc,5,1,https://www.solanatracker.io/dapi/v2/pnl/leaderboard/top?sort=realized&direction=desc&days=1&minTrades=5&minDays=1&platform=terminal,playwright-chrome-headed,OK,,raw/2026-09-19/terminal-1d-20260919T181716Z-b38b4de8.html,fb57470181eb62be161a57a6cfefaee3468b98202771ee8654bca75c0324ac8c,,0.1.0,,3,raw/2026-09-19/terminal-1d-20260919T181716Z-b38b4de8.json,c3626e0e1320fe1a16f03fb32892a560992b546d0d45a059035c739524d59f02,measurement,,921218ffca60bfb0efa8ed6968a2bb073b07a4eb0bd002fbd893e9cbc2647d6a,6e1b52c6335757c16d26ba4399a90c7eb56ac6733c5449a8fcc261a1789092ea
terminal-7d-20260919T181736Z-6a4505ff,2026-09-19T18:17:36Z,2026-09-19,terminal,7,realized,desc,20,3,https://www.solanatracker.io/dapi/v2/pnl/leaderboard/top?sort=realized&direction=desc&days=7&minTrades=20&minDays=3&platform=terminal,playwright-chrome-headed,OK,,raw/2026-09-19/terminal-7d-20260919T181736Z-6a4505ff.html,dcfef184c89e3e9a573614e32f1d2db2609fb936ae448e515677be4ae0a7d74a,,0.1.0,,3,raw/2026-09-19/terminal-7d-20260919T181736Z-6a4505ff.json,538e8c97cc4570516831714d2e66a61ad597fd7cfeee476cb58c9ff6c2b26ba5,measurement,,6e1b52c6335757c16d26ba4399a90c7eb56ac6733c5449a8fcc261a1789092ea,57453636aca147e9f301fd6f74a64405780cece0a5ede9be10815cd2d5bee557
terminal-30d-20260919T181758Z-52a7ae41,2026-09-19T18:17:58Z,2026-09-19,terminal,30,realized,desc,20,3,https://www.solanatracker.io/dapi/v2/pnl/leaderboard/top?sort=realized&direction=desc&days=30&minTrades=20&minDays=3&platform=terminal,playwright-chrome-headed,OK,,raw/2026-09-19/terminal-30d-20260919T181758Z-52a7ae41.html,def9a9d8aaaae2c1d8913e40b72c23ddf4d747723338d6e02f85291c7777d1e9,,0.1.0,,3,raw/2026-09-19/terminal-30d-20260919T181758Z-52a7ae41.json,1f604b3b8c0a16ba20a043ae8a33051c2c1aa2d3386bdddb230b82d786200b8f,measurement,,57453636aca147e9f301fd6f74a64405780cece0a5ede9be10815cd2d5bee557,3e3631ffe853b15fd97090292041e3d8d2ed4c7196735aaf84cf14dcbba806e5
